{"France":{"salt_100g":1.0974462233540392,"sugars_100g":12.664216396440379},"United Kingdom":{"salt_100g":0.804670458626194,"sugars_100g":16.716582938388598},"Spain":{"salt_100g":1.066927573403741,"sugars_100g":10.480405327156912},"United States":{"salt_100g":1.4908106369098701,"sugars_100g":16.605625788999102},"Germany":{"salt_100g":1.1288124512284323,"sugars_100g":13.104297850562922},"Australia":{"salt_100g":1.2891719070904646,"sugars_100g":15.839976626506044},"Canada":{"salt_100g":1.151744896551724,"sugars_100g":18.307118644067796},"Netherlands":{"salt_100g":2.2468891836734697,"sugars_100g":22.705047619047615},"South Africa":{"salt_100g":0.40014666666666665,"sugars_100g":7.739999999999999}}